id	tag
id01216/real	0
id01216/fake_0	1
id01216/fake_1	1
id01216/fake_2	1
id01216/fake_3	1
id01216/fake_4	1
id01216/fake_5	1
id06054/real	0
id06054/fake_0	1
id06054/fake_1	1
id06054/fake_2	1
id06054/fake_3	1
id06054/fake_4	1
id06054/fake_5	1
id05252/real	0
id05252/fake_0	1
id05252/fake_1	1
id05252/fake_2	1
id05252/fake_3	1
id05252/fake_4	1
id05252/fake_5	1
id06232/real	0
id06232/fake_0	1
id06232/fake_1	1
id06232/fake_2	1
id06232/fake_3	1
id06232/fake_4	1
id06232/fake_5	1
id02824/real	0
id02824/fake_0	1
id02824/fake_1	1
id02824/fake_2	1
id02824/fake_3	1
id02824/fake_4	1
id02824/fake_5	1
id06066/real	0
id06066/fake_0	1
id06066/fake_1	1
id06066/fake_2	1
id06066/fake_3	1
id06066/fake_4	1
id06066/fake_5	1
id00363/real	0
id00363/fake_0	1
id00363/fake_1	1
id00363/fake_2	1
id00363/fake_3	1
id00363/fake_4	1
id00363/fake_5	1
id00241/real	0
id00241/fake_0	1
id00241/fake_1	1
id00241/fake_2	1
id00241/fake_3	1
id00241/fake_4	1
id00241/fake_5	1
id01610/real	0
id01610/fake_0	1
id01610/fake_1	1
id01610/fake_2	1
id01610/fake_3	1
id01610/fake_4	1
id01610/fake_5	1
id04437/real	0
id04437/fake_0	1
id04437/fake_1	1
id04437/fake_2	1
id04437/fake_3	1
id04437/fake_4	1
id04437/fake_5	1
id01683/real	0
id01683/fake_0	1
id01683/fake_1	1
id01683/fake_2	1
id01683/fake_3	1
id01683/fake_4	1
id01683/fake_5	1
id01597/real	0
id01597/fake_0	1
id01597/fake_1	1
id01597/fake_2	1
id01597/fake_3	1
id01597/fake_4	1
id01597/fake_5	1
id01075/real	0
id01075/fake_0	1
id01075/fake_1	1
id01075/fake_2	1
id01075/fake_3	1
id01075/fake_4	1
id01075/fake_5	1
id00305/real	0
id00305/fake_0	1
id00305/fake_1	1
id00305/fake_2	1
id00305/fake_3	1
id00305/fake_4	1
id00305/fake_5	1
id01182/real	0
id01182/fake_0	1
id01182/fake_1	1
id01182/fake_2	1
id01182/fake_3	1
id01182/fake_4	1
id01182/fake_5	1
id00577/real	0
id00577/fake_0	1
id00577/fake_1	1
id00577/fake_2	1
id00577/fake_3	1
id00577/fake_4	1
id00577/fake_5	1
id00430/real	0
id00430/fake_0	1
id00430/fake_1	1
id00430/fake_2	1
id00430/fake_3	1
id00430/fake_4	1
id00430/fake_5	1
id04245/real	0
id04245/fake_0	1
id04245/fake_1	1
id04245/fake_2	1
id04245/fake_3	1
id04245/fake_4	1
id04245/fake_5	1
id01238/real	0
id01238/fake_0	1
id01238/fake_1	1
id01238/fake_2	1
id01238/fake_3	1
id01238/fake_4	1
id01238/fake_5	1
id07236/real	0
id07236/fake_0	1
id07236/fake_1	1
id07236/fake_2	1
id07236/fake_3	1
id07236/fake_4	1
id07236/fake_5	1
id01042/real	0
id01042/fake_0	1
id01042/fake_1	1
id01042/fake_2	1
id01042/fake_3	1
id01042/fake_4	1
id01042/fake_5	1
id00555/real	0
id00555/fake_0	1
id00555/fake_1	1
id00555/fake_2	1
id00555/fake_3	1
id00555/fake_4	1
id00555/fake_5	1
id03815/real	0
id03815/fake_0	1
id03815/fake_1	1
id03815/fake_2	1
id03815/fake_3	1
id03815/fake_4	1
id03815/fake_5	1
id00848/real	0
id00848/fake_0	1
id00848/fake_1	1
id00848/fake_2	1
id00848/fake_3	1
id00848/fake_4	1
id00848/fake_5	1
id00592/real	0
id00592/fake_0	1
id00592/fake_1	1
id00592/fake_2	1
id00592/fake_3	1
id00592/fake_4	1
id00592/fake_5	1
id07136/real	0
id07136/fake_0	1
id07136/fake_1	1
id07136/fake_2	1
id07136/fake_3	1
id07136/fake_4	1
id07136/fake_5	1
id03599/real	0
id03599/fake_0	1
id03599/fake_1	1
id03599/fake_2	1
id03599/fake_3	1
id03599/fake_4	1
id03599/fake_5	1
id00777/real	0
id00777/fake_0	1
id00777/fake_1	1
id00777/fake_2	1
id00777/fake_3	1
id00777/fake_4	1
id00777/fake_5	1
id01124/real	0
id01124/fake_0	1
id01124/fake_1	1
id01124/fake_2	1
id01124/fake_3	1
id01124/fake_4	1
id01124/fake_5	1
id01048/real	0
id01048/fake_0	1
id01048/fake_1	1
id01048/fake_2	1
id01048/fake_3	1
id01048/fake_4	1
id01048/fake_5	1
id02587/real	0
id02587/fake_0	1
id02587/fake_1	1
id02587/fake_2	1
id02587/fake_3	1
id02587/fake_4	1
id02587/fake_5	1
id06343/real	0
id06343/fake_0	1
id06343/fake_1	1
id06343/fake_2	1
id06343/fake_3	1
id06343/fake_4	1
id06343/fake_5	1
id00359/real	0
id00359/fake_0	1
id00359/fake_1	1
id00359/fake_2	1
id00359/fake_3	1
id00359/fake_4	1
id00359/fake_5	1
id00618/real	0
id00618/fake_0	1
id00618/fake_1	1
id00618/fake_2	1
id00618/fake_3	1
id00618/fake_4	1
id00618/fake_5	1
id01223/real	0
id01223/fake_0	1
id01223/fake_1	1
id01223/fake_2	1
id01223/fake_3	1
id01223/fake_4	1
id01223/fake_5	1
id00332/real	0
id00332/fake_0	1
id00332/fake_1	1
id00332/fake_2	1
id00332/fake_3	1
id00332/fake_4	1
id00332/fake_5	1
id00842/real	0
id00842/fake_0	1
id00842/fake_1	1
id00842/fake_2	1
id00842/fake_3	1
id00842/fake_4	1
id00842/fake_5	1
id00186/real	0
id00186/fake_0	1
id00186/fake_1	1
id00186/fake_2	1
id00186/fake_3	1
id00186/fake_4	1
id00186/fake_5	1
id00740/real	0
id00740/fake_0	1
id00740/fake_1	1
id00740/fake_2	1
id00740/fake_3	1
id00740/fake_4	1
id00740/fake_5	1
id00694/real	0
id00694/fake_0	1
id00694/fake_1	1
id00694/fake_2	1
id00694/fake_3	1
id00694/fake_4	1
id00694/fake_5	1
id01691/real	0
id01691/fake_0	1
id01691/fake_1	1
id01691/fake_2	1
id01691/fake_3	1
id01691/fake_4	1
id01691/fake_5	1
id04564/real	0
id04564/fake_0	1
id04564/fake_1	1
id04564/fake_2	1
id04564/fake_3	1
id04564/fake_4	1
id04564/fake_5	1
id00897/real	0
id00897/fake_0	1
id00897/fake_1	1
id00897/fake_2	1
id00897/fake_3	1
id00897/fake_4	1
id00897/fake_5	1
id04689/real	0
id04689/fake_0	1
id04689/fake_1	1
id04689/fake_2	1
id04689/fake_3	1
id04689/fake_4	1
id04689/fake_5	1
id01171/real	0
id01171/fake_0	1
id01171/fake_1	1
id01171/fake_2	1
id01171/fake_3	1
id01171/fake_4	1
id01171/fake_5	1
id01452/real	0
id01452/fake_0	1
id01452/fake_1	1
id01452/fake_2	1
id01452/fake_3	1
id01452/fake_4	1
id01452/fake_5	1
id00253/real	0
id00253/fake_0	1
id00253/fake_1	1
id00253/fake_2	1
id00253/fake_3	1
id00253/fake_4	1
id00253/fake_5	1
id06269/real	0
id06269/fake_0	1
id06269/fake_1	1
id06269/fake_2	1
id06269/fake_3	1
id06269/fake_4	1
id06269/fake_5	1
id00087/real	0
id00087/fake_0	1
id00087/fake_1	1
id00087/fake_2	1
id00087/fake_3	1
id00087/fake_4	1
id00087/fake_5	1
id00187/real	0
id00187/fake_0	1
id00187/fake_1	1
id00187/fake_2	1
id00187/fake_3	1
id00187/fake_4	1
id00187/fake_5	1
id02071/real	0
id02071/fake_0	1
id02071/fake_1	1
id02071/fake_2	1
id02071/fake_3	1
id02071/fake_4	1
id02071/fake_5	1
id00292/real	0
id00292/fake_0	1
id00292/fake_1	1
id00292/fake_2	1
id00292/fake_3	1
id00292/fake_4	1
id00292/fake_5	1
id05435/real	0
id05435/fake_0	1
id05435/fake_1	1
id05435/fake_2	1
id05435/fake_3	1
id05435/fake_4	1
id05435/fake_5	1
id01532/real	0
id01532/fake_0	1
id01532/fake_1	1
id01532/fake_2	1
id01532/fake_3	1
id01532/fake_4	1
id01532/fake_5	1
id01392/real	0
id01392/fake_0	1
id01392/fake_1	1
id01392/fake_2	1
id01392/fake_3	1
id01392/fake_4	1
id01392/fake_5	1
id00981/real	0
id00981/fake_0	1
id00981/fake_1	1
id00981/fake_2	1
id00981/fake_3	1
id00981/fake_4	1
id00981/fake_5	1
id01227/real	0
id01227/fake_0	1
id01227/fake_1	1
id01227/fake_2	1
id01227/fake_3	1
id01227/fake_4	1
id01227/fake_5	1
id00519/real	0
id00519/fake_0	1
id00519/fake_1	1
id00519/fake_2	1
id00519/fake_3	1
id00519/fake_4	1
id00519/fake_5	1
id00860/real	0
id00860/fake_0	1
id00860/fake_1	1
id00860/fake_2	1
id00860/fake_3	1
id00860/fake_4	1
id00860/fake_5	1
id08457/real	0
id08457/fake_0	1
id08457/fake_1	1
id08457/fake_2	1
id08457/fake_3	1
id08457/fake_4	1
id08457/fake_5	1
id00823/real	0
id00823/fake_0	1
id00823/fake_1	1
id00823/fake_2	1
id00823/fake_3	1
id00823/fake_4	1
id00823/fake_5	1
id00832/real	0
id00832/fake_0	1
id00832/fake_1	1
id00832/fake_2	1
id00832/fake_3	1
id00832/fake_4	1
id00832/fake_5	1
id03940/real	0
id03940/fake_0	1
id03940/fake_1	1
id03940/fake_2	1
id03940/fake_3	1
id03940/fake_4	1
id03940/fake_5	1
id09143/real	0
id09143/fake_0	1
id09143/fake_1	1
id09143/fake_2	1
id09143/fake_3	1
id09143/fake_4	1
id09143/fake_5	1
id03559/real	0
id03559/fake_0	1
id03559/fake_1	1
id03559/fake_2	1
id03559/fake_3	1
id03559/fake_4	1
id03559/fake_5	1
id00944/real	0
id00944/fake_0	1
id00944/fake_1	1
id00944/fake_2	1
id00944/fake_3	1
id00944/fake_4	1
id00944/fake_5	1
id04376/real	0
id04376/fake_0	1
id04376/fake_1	1
id04376/fake_2	1
id04376/fake_3	1
id04376/fake_4	1
id04376/fake_5	1
id05980/real	0
id05980/fake_0	1
id05980/fake_1	1
id05980/fake_2	1
id05980/fake_3	1
id05980/fake_4	1
id05980/fake_5	1
id00231/real	0
id00231/fake_0	1
id00231/fake_1	1
id00231/fake_2	1
id00231/fake_3	1
id00231/fake_4	1
id00231/fake_5	1
id01451/real	0
id01451/fake_0	1
id01451/fake_1	1
id01451/fake_2	1
id01451/fake_3	1
id01451/fake_4	1
id01451/fake_5	1
id00990/real	0
id00990/fake_0	1
id00990/fake_1	1
id00990/fake_2	1
id00990/fake_3	1
id00990/fake_4	1
id00990/fake_5	1
id00235/real	0
id00235/fake_0	1
id00235/fake_1	1
id00235/fake_2	1
id00235/fake_3	1
id00235/fake_4	1
id00235/fake_5	1
id03525/real	0
id03525/fake_0	1
id03525/fake_1	1
id03525/fake_2	1
id03525/fake_3	1
id03525/fake_4	1
id03525/fake_5	1
id00841/real	0
id00841/fake_0	1
id00841/fake_1	1
id00841/fake_2	1
id00841/fake_3	1
id00841/fake_4	1
id00841/fake_5	1
id01172/real	0
id01172/fake_0	1
id01172/fake_1	1
id01172/fake_2	1
id01172/fake_3	1
id01172/fake_4	1
id01172/fake_5	1
id07200/real	0
id07200/fake_0	1
id07200/fake_1	1
id07200/fake_2	1
id07200/fake_3	1
id07200/fake_4	1
id07200/fake_5	1
id02466/real	0
id02466/fake_0	1
id02466/fake_1	1
id02466/fake_2	1
id02466/fake_3	1
id02466/fake_4	1
id02466/fake_5	1
id00579/real	0
id00579/fake_0	1
id00579/fake_1	1
id00579/fake_2	1
id00579/fake_3	1
id00579/fake_4	1
id00579/fake_5	1
id00701/real	0
id00701/fake_0	1
id00701/fake_1	1
id00701/fake_2	1
id00701/fake_3	1
id00701/fake_4	1
id00701/fake_5	1
id04144/real	0
id04144/fake_0	1
id04144/fake_1	1
id04144/fake_2	1
id04144/fake_3	1
id04144/fake_4	1
id04144/fake_5	1
id01207/real	0
id01207/fake_0	1
id01207/fake_1	1
id01207/fake_2	1
id01207/fake_3	1
id01207/fake_4	1
id01207/fake_5	1
id09125/real	0
id09125/fake_0	1
id09125/fake_1	1
id09125/fake_2	1
id09125/fake_3	1
id09125/fake_4	1
id09125/fake_5	1
id00633/real	0
id00633/fake_0	1
id00633/fake_1	1
id00633/fake_2	1
id00633/fake_3	1
id00633/fake_4	1
id00633/fake_5	1
id03569/real	0
id03569/fake_0	1
id03569/fake_1	1
id03569/fake_2	1
id03569/fake_3	1
id03569/fake_4	1
id03569/fake_5	1
id00395/real	0
id00395/fake_0	1
id00395/fake_1	1
id00395/fake_2	1
id00395/fake_3	1
id00395/fake_4	1
id00395/fake_5	1
id00282/real	0
id00282/fake_0	1
id00282/fake_1	1
id00282/fake_2	1
id00282/fake_3	1
id00282/fake_4	1
id00282/fake_5	1
id04927/real	0
id04927/fake_0	1
id04927/fake_1	1
id04927/fake_2	1
id04927/fake_3	1
id04927/fake_4	1
id04927/fake_5	1
id07768/real	0
id07768/fake_0	1
id07768/fake_1	1
id07768/fake_2	1
id07768/fake_3	1
id07768/fake_4	1
id07768/fake_5	1
id00475/real	0
id00475/fake_0	1
id00475/fake_1	1
id00475/fake_2	1
id00475/fake_3	1
id00475/fake_4	1
id00475/fake_5	1
id06428/real	0
id06428/fake_0	1
id06428/fake_1	1
id06428/fake_2	1
id06428/fake_3	1
id06428/fake_4	1
id06428/fake_5	1
id00963/real	0
id00963/fake_0	1
id00963/fake_1	1
id00963/fake_2	1
id00963/fake_3	1
id00963/fake_4	1
id00963/fake_5	1
id07049/real	0
id07049/fake_0	1
id07049/fake_1	1
id07049/fake_2	1
id07049/fake_3	1
id07049/fake_4	1
id07049/fake_5	1
id01058/real	0
id01058/fake_0	1
id01058/fake_1	1
id01058/fake_2	1
id01058/fake_3	1
id01058/fake_4	1
id01058/fake_5	1
id06355/real	0
id06355/fake_0	1
id06355/fake_1	1
id06355/fake_2	1
id06355/fake_3	1
id06355/fake_4	1
id06355/fake_5	1
id05332/real	0
id05332/fake_0	1
id05332/fake_1	1
id05332/fake_2	1
id05332/fake_3	1
id05332/fake_4	1
id05332/fake_5	1
id00461/real	0
id00461/fake_0	1
id00461/fake_1	1
id00461/fake_2	1
id00461/fake_3	1
id00461/fake_4	1
id00461/fake_5	1
id00568/real	0
id00568/fake_0	1
id00568/fake_1	1
id00568/fake_2	1
id00568/fake_3	1
id00568/fake_4	1
id00568/fake_5	1
id06439/real	0
id06439/fake_0	1
id06439/fake_1	1
id06439/fake_2	1
id06439/fake_3	1
id06439/fake_4	1
id06439/fake_5	1
id05235/real	0
id05235/fake_0	1
id05235/fake_1	1
id05235/fake_2	1
id05235/fake_3	1
id05235/fake_4	1
id05235/fake_5	1
id00371/real	0
id00371/fake_0	1
id00371/fake_1	1
id00371/fake_2	1
id00371/fake_3	1
id00371/fake_4	1
id00371/fake_5	1
id06158/real	0
id06158/fake_0	1
id06158/fake_1	1
id06158/fake_2	1
id06158/fake_3	1
id06158/fake_4	1
id06158/fake_5	1
id01248/real	0
id01248/fake_0	1
id01248/fake_1	1
id01248/fake_2	1
id01248/fake_3	1
id01248/fake_4	1
id01248/fake_5	1
id03589/real	0
id03589/fake_0	1
id03589/fake_1	1
id03589/fake_2	1
id03589/fake_3	1
id03589/fake_4	1
id03589/fake_5	1
id00261/real	0
id00261/fake_0	1
id00261/fake_1	1
id00261/fake_2	1
id00261/fake_3	1
id00261/fake_4	1
id00261/fake_5	1
id06462/real	0
id06462/fake_0	1
id06462/fake_1	1
id06462/fake_2	1
id06462/fake_3	1
id06462/fake_4	1
id06462/fake_5	1
id00190/real	0
id00190/fake_0	1
id00190/fake_1	1
id00190/fake_2	1
id00190/fake_3	1
id00190/fake_4	1
id00190/fake_5	1
id05931/real	0
id05931/fake_0	1
id05931/fake_1	1
id05931/fake_2	1
id05931/fake_3	1
id05931/fake_4	1
id05931/fake_5	1
id05620/real	0
id05620/fake_0	1
id05620/fake_1	1
id05620/fake_2	1
id05620/fake_3	1
id05620/fake_4	1
id05620/fake_5	1
id00098/real	0
id00098/fake_0	1
id00098/fake_1	1
id00098/fake_2	1
id00098/fake_3	1
id00098/fake_4	1
id00098/fake_5	1
id00415/real	0
id00415/fake_0	1
id00415/fake_1	1
id00415/fake_2	1
id00415/fake_3	1
id00415/fake_4	1
id00415/fake_5	1
id03371/real	0
id03371/fake_0	1
id03371/fake_1	1
id03371/fake_2	1
id03371/fake_3	1
id03371/fake_4	1
id03371/fake_5	1
id00685/real	0
id00685/fake_0	1
id00685/fake_1	1
id00685/fake_2	1
id00685/fake_3	1
id00685/fake_4	1
id00685/fake_5	1
id00763/real	0
id00763/fake_0	1
id00763/fake_1	1
id00763/fake_2	1
id00763/fake_3	1
id00763/fake_4	1
id00763/fake_5	1
id01005/real	0
id01005/fake_0	1
id01005/fake_1	1
id01005/fake_2	1
id01005/fake_3	1
id01005/fake_4	1
id01005/fake_5	1
id04540/real	0
id04540/fake_0	1
id04540/fake_1	1
id04540/fake_2	1
id04540/fake_3	1
id04540/fake_4	1
id04540/fake_5	1
id00262/real	0
id00262/fake_0	1
id00262/fake_1	1
id00262/fake_2	1
id00262/fake_3	1
id00262/fake_4	1
id00262/fake_5	1
id00835/real	0
id00835/fake_0	1
id00835/fake_1	1
id00835/fake_2	1
id00835/fake_3	1
id00835/fake_4	1
id00835/fake_5	1
id00306/real	0
id00306/fake_0	1
id00306/fake_1	1
id00306/fake_2	1
id00306/fake_3	1
id00306/fake_4	1
id00306/fake_5	1
id02005/real	0
id02005/fake_0	1
id02005/fake_1	1
id02005/fake_2	1
id02005/fake_3	1
id02005/fake_4	1
id02005/fake_5	1
id04374/real	0
id04374/fake_0	1
id04374/fake_1	1
id04374/fake_2	1
id04374/fake_3	1
id04374/fake_4	1
id04374/fake_5	1
id00696/real	0
id00696/fake_0	1
id00696/fake_1	1
id00696/fake_2	1
id00696/fake_3	1
id00696/fake_4	1
id00696/fake_5	1
id00368/real	0
id00368/fake_0	1
id00368/fake_1	1
id00368/fake_2	1
id00368/fake_3	1
id00368/fake_4	1
id00368/fake_5	1
id02464/real	0
id02464/fake_0	1
id02464/fake_1	1
id02464/fake_2	1
id02464/fake_3	1
id02464/fake_4	1
id02464/fake_5	1
id04561/real	0
id04561/fake_0	1
id04561/fake_1	1
id04561/fake_2	1
id04561/fake_3	1
id04561/fake_4	1
id04561/fake_5	1
id00097/real	0
id00097/fake_0	1
id00097/fake_1	1
id00097/fake_2	1
id00097/fake_3	1
id00097/fake_4	1
id00097/fake_5	1
id07686/real	0
id07686/fake_0	1
id07686/fake_1	1
id07686/fake_2	1
id07686/fake_3	1
id07686/fake_4	1
id07686/fake_5	1
id01530/real	0
id01530/fake_0	1
id01530/fake_1	1
id01530/fake_2	1
id01530/fake_3	1
id01530/fake_4	1
id01530/fake_5	1
id00188/real	0
id00188/fake_0	1
id00188/fake_1	1
id00188/fake_2	1
id00188/fake_3	1
id00188/fake_4	1
id00188/fake_5	1
id00857/real	0
id00857/fake_0	1
id00857/fake_1	1
id00857/fake_2	1
id00857/fake_3	1
id00857/fake_4	1
id00857/fake_5	1
id00462/real	0
id00462/fake_0	1
id00462/fake_1	1
id00462/fake_2	1
id00462/fake_3	1
id00462/fake_4	1
id00462/fake_5	1
id00739/real	0
id00739/fake_0	1
id00739/fake_1	1
id00739/fake_2	1
id00739/fake_3	1
id00739/fake_4	1
id00739/fake_5	1
id01098/real	0
id01098/fake_0	1
id01098/fake_1	1
id01098/fake_2	1
id01098/fake_3	1
id01098/fake_4	1
id01098/fake_5	1
id00291/real	0
id00291/fake_0	1
id00291/fake_1	1
id00291/fake_2	1
id00291/fake_3	1
id00291/fake_4	1
id00291/fake_5	1
id01907/real	0
id01907/fake_0	1
id01907/fake_1	1
id01907/fake_2	1
id01907/fake_3	1
id01907/fake_4	1
id01907/fake_5	1
id04599/real	0
id04599/fake_0	1
id04599/fake_1	1
id04599/fake_2	1
id04599/fake_3	1
id04599/fake_4	1
id04599/fake_5	1
id02342/real	0
id02342/fake_0	1
id02342/fake_1	1
id02342/fake_2	1
id02342/fake_3	1
id02342/fake_4	1
id02342/fake_5	1
id04939/real	0
id04939/fake_0	1
id04939/fake_1	1
id04939/fake_2	1
id04939/fake_3	1
id04939/fake_4	1
id04939/fake_5	1
id01105/real	0
id01105/fake_0	1
id01105/fake_1	1
id01105/fake_2	1
id01105/fake_3	1
id01105/fake_4	1
id01105/fake_5	1
id00597/real	0
id00597/fake_0	1
id00597/fake_1	1
id00597/fake_2	1
id00597/fake_3	1
id00597/fake_4	1
id00597/fake_5	1
id00043/real	0
id00043/fake_0	1
id00043/fake_1	1
id00043/fake_2	1
id00043/fake_3	1
id00043/fake_4	1
id00043/fake_5	1
id06427/real	0
id06427/fake_0	1
id06427/fake_1	1
id06427/fake_2	1
id06427/fake_3	1
id06427/fake_4	1
id06427/fake_5	1
id00566/real	0
id00566/fake_0	1
id00566/fake_1	1
id00566/fake_2	1
id00566/fake_3	1
id00566/fake_4	1
id00566/fake_5	1
id00945/real	0
id00945/fake_0	1
id00945/fake_1	1
id00945/fake_2	1
id00945/fake_3	1
id00945/fake_4	1
id00945/fake_5	1
id03180/real	0
id03180/fake_0	1
id03180/fake_1	1
id03180/fake_2	1
id03180/fake_3	1
id03180/fake_4	1
id03180/fake_5	1
id01026/real	0
id01026/fake_0	1
id01026/fake_1	1
id01026/fake_2	1
id01026/fake_3	1
id01026/fake_4	1
id01026/fake_5	1
id01210/real	0
id01210/fake_0	1
id01210/fake_1	1
id01210/fake_2	1
id01210/fake_3	1
id01210/fake_4	1
id01210/fake_5	1
id00460/real	0
id00460/fake_0	1
id00460/fake_1	1
id00460/fake_2	1
id00460/fake_3	1
id00460/fake_4	1
id00460/fake_5	1
id03707/real	0
id03707/fake_0	1
id03707/fake_1	1
id03707/fake_2	1
id03707/fake_3	1
id03707/fake_4	1
id03707/fake_5	1
id07078/real	0
id07078/fake_0	1
id07078/fake_1	1
id07078/fake_2	1
id07078/fake_3	1
id07078/fake_4	1
id07078/fake_5	1
id05106/real	0
id05106/fake_0	1
id05106/fake_1	1
id05106/fake_2	1
id05106/fake_3	1
id05106/fake_4	1
id05106/fake_5	1
id01178/real	0
id01178/fake_0	1
id01178/fake_1	1
id01178/fake_2	1
id01178/fake_3	1
id01178/fake_4	1
id01178/fake_5	1
id02619/real	0
id02619/fake_0	1
id02619/fake_1	1
id02619/fake_2	1
id02619/fake_3	1
id02619/fake_4	1
id02619/fake_5	1
id00946/real	0
id00946/fake_0	1
id00946/fake_1	1
id00946/fake_2	1
id00946/fake_3	1
id00946/fake_4	1
id00946/fake_5	1
id04583/real	0
id04583/fake_0	1
id04583/fake_1	1
id04583/fake_2	1
id04583/fake_3	1
id04583/fake_4	1
id04583/fake_5	1
id04554/real	0
id04554/fake_0	1
id04554/fake_1	1
id04554/fake_2	1
id04554/fake_3	1
id04554/fake_4	1
id04554/fake_5	1
id04034/real	0
id04034/fake_0	1
id04034/fake_1	1
id04034/fake_2	1
id04034/fake_3	1
id04034/fake_4	1
id04034/fake_5	1
id03678/real	0
id03678/fake_0	1
id03678/fake_1	1
id03678/fake_2	1
id03678/fake_3	1
id03678/fake_4	1
id03678/fake_5	1
id00535/real	0
id00535/fake_0	1
id00535/fake_1	1
id00535/fake_2	1
id00535/fake_3	1
id00535/fake_4	1
id00535/fake_5	1
id04066/real	0
id04066/fake_0	1
id04066/fake_1	1
id04066/fake_2	1
id04066/fake_3	1
id04066/fake_4	1
id04066/fake_5	1
id01972/real	0
id01972/fake_0	1
id01972/fake_1	1
id01972/fake_2	1
id01972/fake_3	1
id01972/fake_4	1
id01972/fake_5	1
id04582/real	0
id04582/fake_0	1
id04582/fake_1	1
id04582/fake_2	1
id04582/fake_3	1
id04582/fake_4	1
id04582/fake_5	1
id01102/real	0
id01102/fake_0	1
id01102/fake_1	1
id01102/fake_2	1
id01102/fake_3	1
id01102/fake_4	1
id01102/fake_5	1
id00495/real	0
id00495/fake_0	1
id00495/fake_1	1
id00495/fake_2	1
id00495/fake_3	1
id00495/fake_4	1
id00495/fake_5	1
id00183/real	0
id00183/fake_0	1
id00183/fake_1	1
id00183/fake_2	1
id00183/fake_3	1
id00183/fake_4	1
id00183/fake_5	1
id00459/real	0
id00459/fake_0	1
id00459/fake_1	1
id00459/fake_2	1
id00459/fake_3	1
id00459/fake_4	1
id00459/fake_5	1
id05844/real	0
id05844/fake_0	1
id05844/fake_1	1
id05844/fake_2	1
id05844/fake_3	1
id05844/fake_4	1
id05844/fake_5	1
id00169/real	0
id00169/fake_0	1
id00169/fake_1	1
id00169/fake_2	1
id00169/fake_3	1
id00169/fake_4	1
id00169/fake_5	1
id02493/real	0
id02493/fake_0	1
id02493/fake_1	1
id02493/fake_2	1
id02493/fake_3	1
id02493/fake_4	1
id02493/fake_5	1
id07463/real	0
id07463/fake_0	1
id07463/fake_1	1
id07463/fake_2	1
id07463/fake_3	1
id07463/fake_4	1
id07463/fake_5	1
id03985/real	0
id03985/fake_0	1
id03985/fake_1	1
id03985/fake_2	1
id03985/fake_3	1
id03985/fake_4	1
id03985/fake_5	1
id09171/real	0
id09171/fake_0	1
id09171/fake_1	1
id09171/fake_2	1
id09171/fake_3	1
id09171/fake_4	1
id09171/fake_5	1
id01544/real	0
id01544/fake_0	1
id01544/fake_1	1
id01544/fake_2	1
id01544/fake_3	1
id01544/fake_4	1
id01544/fake_5	1
id04601/real	0
id04601/fake_0	1
id04601/fake_1	1
id04601/fake_2	1
id04601/fake_3	1
id04601/fake_4	1
id04601/fake_5	1
id03211/real	0
id03211/fake_0	1
id03211/fake_1	1
id03211/fake_2	1
id03211/fake_3	1
id03211/fake_4	1
id03211/fake_5	1
id03713/real	0
id03713/fake_0	1
id03713/fake_1	1
id03713/fake_2	1
id03713/fake_3	1
id03713/fake_4	1
id03713/fake_5	1
id01245/real	0
id01245/fake_0	1
id01245/fake_1	1
id01245/fake_2	1
id01245/fake_3	1
id01245/fake_4	1
id01245/fake_5	1
id06594/real	0
id06594/fake_0	1
id06594/fake_1	1
id06594/fake_2	1
id06594/fake_3	1
id06594/fake_4	1
id06594/fake_5	1
id01637/real	0
id01637/fake_0	1
id01637/fake_1	1
id01637/fake_2	1
id01637/fake_3	1
id01637/fake_4	1
id01637/fake_5	1
id06438/real	0
id06438/fake_0	1
id06438/fake_1	1
id06438/fake_2	1
id06438/fake_3	1
id06438/fake_4	1
id06438/fake_5	1
id09175/real	0
id09175/fake_0	1
id09175/fake_1	1
id09175/fake_2	1
id09175/fake_3	1
id09175/fake_4	1
id09175/fake_5	1
id07799/real	0
id07799/fake_0	1
id07799/fake_1	1
id07799/fake_2	1
id07799/fake_3	1
id07799/fake_4	1
id07799/fake_5	1
id00428/real	0
id00428/fake_0	1
id00428/fake_1	1
id00428/fake_2	1
id00428/fake_3	1
id00428/fake_4	1
id00428/fake_5	1
id00398/real	0
id00398/fake_0	1
id00398/fake_1	1
id00398/fake_2	1
id00398/fake_3	1
id00398/fake_4	1
id00398/fake_5	1
id02365/real	0
id02365/fake_0	1
id02365/fake_1	1
id02365/fake_2	1
id02365/fake_3	1
id02365/fake_4	1
id02365/fake_5	1
id07182/real	0
id07182/fake_0	1
id07182/fake_1	1
id07182/fake_2	1
id07182/fake_3	1
id07182/fake_4	1
id07182/fake_5	1
id01521/real	0
id01521/fake_0	1
id01521/fake_1	1
id01521/fake_2	1
id01521/fake_3	1
id01521/fake_4	1
id01521/fake_5	1
id00042/real	0
id00042/fake_0	1
id00042/fake_1	1
id00042/fake_2	1
id00042/fake_3	1
id00042/fake_4	1
id00042/fake_5	1
id07165/real	0
id07165/fake_0	1
id07165/fake_1	1
id07165/fake_2	1
id07165/fake_3	1
id07165/fake_4	1
id07165/fake_5	1
id00709/real	0
id00709/fake_0	1
id00709/fake_1	1
id00709/fake_2	1
id00709/fake_3	1
id00709/fake_4	1
id00709/fake_5	1
id00220/real	0
id00220/fake_0	1
id00220/fake_1	1
id00220/fake_2	1
id00220/fake_3	1
id00220/fake_4	1
id00220/fake_5	1
id03897/real	0
id03897/fake_0	1
id03897/fake_1	1
id03897/fake_2	1
id03897/fake_3	1
id03897/fake_4	1
id03897/fake_5	1
id02268/real	0
id02268/fake_0	1
id02268/fake_1	1
id02268/fake_2	1
id02268/fake_3	1
id02268/fake_4	1
id02268/fake_5	1
id07383/real	0
id07383/fake_0	1
id07383/fake_1	1
id07383/fake_2	1
id07383/fake_3	1
id07383/fake_4	1
id07383/fake_5	1
id00234/real	0
id00234/fake_0	1
id00234/fake_1	1
id00234/fake_2	1
id00234/fake_3	1
id00234/fake_4	1
id00234/fake_5	1
id01231/real	0
id01231/fake_0	1
id01231/fake_1	1
id01231/fake_2	1
id01231/fake_3	1
id01231/fake_4	1
id01231/fake_5	1
id04414/real	0
id04414/fake_0	1
id04414/fake_1	1
id04414/fake_2	1
id04414/fake_3	1
id04414/fake_4	1
id04414/fake_5	1
id00616/real	0
id00616/fake_0	1
id00616/fake_1	1
id00616/fake_2	1
id00616/fake_3	1
id00616/fake_4	1
id00616/fake_5	1
id04073/real	0
id04073/fake_0	1
id04073/fake_1	1
id04073/fake_2	1
id04073/fake_3	1
id04073/fake_4	1
id04073/fake_5	1
id00149/real	0
id00149/fake_0	1
id00149/fake_1	1
id00149/fake_2	1
id00149/fake_3	1
id00149/fake_4	1
id00149/fake_5	1
id01598/real	0
id01598/fake_0	1
id01598/fake_1	1
id01598/fake_2	1
id01598/fake_3	1
id01598/fake_4	1
id01598/fake_5	1
id01835/real	0
id01835/fake_0	1
id01835/fake_1	1
id01835/fake_2	1
id01835/fake_3	1
id01835/fake_4	1
id01835/fake_5	1
id00243/real	0
id00243/fake_0	1
id00243/fake_1	1
id00243/fake_2	1
id00243/fake_3	1
id00243/fake_4	1
id00243/fake_5	1
id04687/real	0
id04687/fake_0	1
id04687/fake_1	1
id04687/fake_2	1
id04687/fake_3	1
id04687/fake_4	1
id04687/fake_5	1
id00049/real	0
id00049/fake_0	1
id00049/fake_1	1
id00049/fake_2	1
id00049/fake_3	1
id00049/fake_4	1
id00049/fake_5	1
id04530/real	0
id04530/fake_0	1
id04530/fake_1	1
id04530/fake_2	1
id04530/fake_3	1
id04530/fake_4	1
id04530/fake_5	1
id00366/real	0
id00366/fake_0	1
id00366/fake_1	1
id00366/fake_2	1
id00366/fake_3	1
id00366/fake_4	1
id00366/fake_5	1
id08819/real	0
id08819/fake_0	1
id08819/fake_1	1
id08819/fake_2	1
id08819/fake_3	1
id08819/fake_4	1
id08819/fake_5	1
id08652/real	0
id08652/fake_0	1
id08652/fake_1	1
id08652/fake_2	1
id08652/fake_3	1
id08652/fake_4	1
id08652/fake_5	1
id08402/real	0
id08402/fake_0	1
id08402/fake_1	1
id08402/fake_2	1
id08402/fake_3	1
id08402/fake_4	1
id08402/fake_5	1
id01204/real	0
id01204/fake_0	1
id01204/fake_1	1
id01204/fake_2	1
id01204/fake_3	1
id01204/fake_4	1
id01204/fake_5	1
id01528/real	0
id01528/fake_0	1
id01528/fake_1	1
id01528/fake_2	1
id01528/fake_3	1
id01528/fake_4	1
id01528/fake_5	1
id05479/real	0
id05479/fake_0	1
id05479/fake_1	1
id05479/fake_2	1
id05479/fake_3	1
id05479/fake_4	1
id05479/fake_5	1
id01215/real	0
id01215/fake_0	1
id01215/fake_1	1
id01215/fake_2	1
id01215/fake_3	1
id01215/fake_4	1
id01215/fake_5	1
id01717/real	0
id01717/fake_0	1
id01717/fake_1	1
id01717/fake_2	1
id01717/fake_3	1
id01717/fake_4	1
id01717/fake_5	1
id01018/real	0
id01018/fake_0	1
id01018/fake_1	1
id01018/fake_2	1
id01018/fake_3	1
id01018/fake_4	1
id01018/fake_5	1
id00909/real	0
id00909/fake_0	1
id00909/fake_1	1
id00909/fake_2	1
id00909/fake_3	1
id00909/fake_4	1
id00909/fake_5	1
id00999/real	0
id00999/fake_0	1
id00999/fake_1	1
id00999/fake_2	1
id00999/fake_3	1
id00999/fake_4	1
id00999/fake_5	1
id00581/real	0
id00581/fake_0	1
id00581/fake_1	1
id00581/fake_2	1
id00581/fake_3	1
id00581/fake_4	1
id00581/fake_5	1
id07008/real	0
id07008/fake_0	1
id07008/fake_1	1
id07008/fake_2	1
id07008/fake_3	1
id07008/fake_4	1
id07008/fake_5	1
id00747/real	0
id00747/fake_0	1
id00747/fake_1	1
id00747/fake_2	1
id00747/fake_3	1
id00747/fake_4	1
id00747/fake_5	1
id06152/real	0
id06152/fake_0	1
id06152/fake_1	1
id06152/fake_2	1
id06152/fake_3	1
id06152/fake_4	1
id06152/fake_5	1
id03816/real	0
id03816/fake_0	1
id03816/fake_1	1
id03816/fake_2	1
id03816/fake_3	1
id03816/fake_4	1
id03816/fake_5	1
id00781/real	0
id00781/fake_0	1
id00781/fake_1	1
id00781/fake_2	1
id00781/fake_3	1
id00781/fake_4	1
id00781/fake_5	1
id04219/real	0
id04219/fake_0	1
id04219/fake_1	1
id04219/fake_2	1
id04219/fake_3	1
id04219/fake_4	1
id04219/fake_5	1
id05631/real	0
id05631/fake_0	1
id05631/fake_1	1
id05631/fake_2	1
id05631/fake_3	1
id05631/fake_4	1
id05631/fake_5	1
id02561/real	0
id02561/fake_0	1
id02561/fake_1	1
id02561/fake_2	1
id02561/fake_3	1
id02561/fake_4	1
id02561/fake_5	1
id07377/real	0
id07377/fake_0	1
id07377/fake_1	1
id07377/fake_2	1
id07377/fake_3	1
id07377/fake_4	1
id07377/fake_5	1
id05743/real	0
id05743/fake_0	1
id05743/fake_1	1
id05743/fake_2	1
id05743/fake_3	1
id05743/fake_4	1
id05743/fake_5	1
id00732/real	0
id00732/fake_0	1
id00732/fake_1	1
id00732/fake_2	1
id00732/fake_3	1
id00732/fake_4	1
id00732/fake_5	1
id07739/real	0
id07739/fake_0	1
id07739/fake_1	1
id07739/fake_2	1
id07739/fake_3	1
id07739/fake_4	1
id07739/fake_5	1
id02721/real	0
id02721/fake_0	1
id02721/fake_1	1
id02721/fake_2	1
id02721/fake_3	1
id02721/fake_4	1
id02721/fake_5	1
id02586/real	0
id02586/fake_0	1
id02586/fake_1	1
id02586/fake_2	1
id02586/fake_3	1
id02586/fake_4	1
id02586/fake_5	1
id01236/real	0
id01236/fake_0	1
id01236/fake_1	1
id01236/fake_2	1
id01236/fake_3	1
id01236/fake_4	1
id01236/fake_5	1
id01192/real	0
id01192/fake_0	1
id01192/fake_1	1
id01192/fake_2	1
id01192/fake_3	1
id01192/fake_4	1
id01192/fake_5	1
id07102/real	0
id07102/fake_0	1
id07102/fake_1	1
id07102/fake_2	1
id07102/fake_3	1
id07102/fake_4	1
id07102/fake_5	1
id01933/real	0
id01933/fake_0	1
id01933/fake_1	1
id01933/fake_2	1
id01933/fake_3	1
id01933/fake_4	1
id01933/fake_5	1
id03747/real	0
id03747/fake_0	1
id03747/fake_1	1
id03747/fake_2	1
id03747/fake_3	1
id03747/fake_4	1
id03747/fake_5	1
id06060/real	0
id06060/fake_0	1
id06060/fake_1	1
id06060/fake_2	1
id06060/fake_3	1
id06060/fake_4	1
id06060/fake_5	1
id00391/real	0
id00391/fake_0	1
id00391/fake_1	1
id00391/fake_2	1
id00391/fake_3	1
id00391/fake_4	1
id00391/fake_5	1
id06437/real	0
id06437/fake_0	1
id06437/fake_1	1
id06437/fake_2	1
id06437/fake_3	1
id06437/fake_4	1
id06437/fake_5	1
id00418/real	0
id00418/fake_0	1
id00418/fake_1	1
id00418/fake_2	1
id00418/fake_3	1
id00418/fake_4	1
id00418/fake_5	1
id00166/real	0
id00166/fake_0	1
id00166/fake_1	1
id00166/fake_2	1
id00166/fake_3	1
id00166/fake_4	1
id00166/fake_5	1
id00434/real	0
id00434/fake_0	1
id00434/fake_1	1
id00434/fake_2	1
id00434/fake_3	1
id00434/fake_4	1
id00434/fake_5	1
id00271/real	0
id00271/fake_0	1
id00271/fake_1	1
id00271/fake_2	1
id00271/fake_3	1
id00271/fake_4	1
id00271/fake_5	1
id07058/real	0
id07058/fake_0	1
id07058/fake_1	1
id07058/fake_2	1
id07058/fake_3	1
id07058/fake_4	1
id07058/fake_5	1
id01099/real	0
id01099/fake_0	1
id01099/fake_1	1
id01099/fake_2	1
id01099/fake_3	1
id01099/fake_4	1
id01099/fake_5	1
id04221/real	0
id04221/fake_0	1
id04221/fake_1	1
id04221/fake_2	1
id04221/fake_3	1
id04221/fake_4	1
id04221/fake_5	1
id06334/real	0
id06334/fake_0	1
id06334/fake_1	1
id06334/fake_2	1
id06334/fake_3	1
id06334/fake_4	1
id06334/fake_5	1
id00769/real	0
id00769/fake_0	1
id00769/fake_1	1
id00769/fake_2	1
id00769/fake_3	1
id00769/fake_4	1
id00769/fake_5	1
id04727/real	0
id04727/fake_0	1
id04727/fake_1	1
id04727/fake_2	1
id04727/fake_3	1
id04727/fake_4	1
id04727/fake_5	1
id03656/real	0
id03656/fake_0	1
id03656/fake_1	1
id03656/fake_2	1
id03656/fake_3	1
id03656/fake_4	1
id03656/fake_5	1
id01156/real	0
id01156/fake_0	1
id01156/fake_1	1
id01156/fake_2	1
id01156/fake_3	1
id01156/fake_4	1
id01156/fake_5	1
id00180/real	0
id00180/fake_0	1
id00180/fake_1	1
id00180/fake_2	1
id00180/fake_3	1
id00180/fake_4	1
id00180/fake_5	1
id00060/real	0
id00060/fake_0	1
id00060/fake_1	1
id00060/fake_2	1
id00060/fake_3	1
id00060/fake_4	1
id00060/fake_5	1
id00385/real	0
id00385/fake_0	1
id00385/fake_1	1
id00385/fake_2	1
id00385/fake_3	1
id00385/fake_4	1
id00385/fake_5	1
id03668/real	0
id03668/fake_0	1
id03668/fake_1	1
id03668/fake_2	1
id03668/fake_3	1
id03668/fake_4	1
id03668/fake_5	1
id00383/real	0
id00383/fake_0	1
id00383/fake_1	1
id00383/fake_2	1
id00383/fake_3	1
id00383/fake_4	1
id00383/fake_5	1
id06467/real	0
id06467/fake_0	1
id06467/fake_1	1
id06467/fake_2	1
id06467/fake_3	1
id06467/fake_4	1
id06467/fake_5	1
id00374/real	0
id00374/fake_0	1
id00374/fake_1	1
id00374/fake_2	1
id00374/fake_3	1
id00374/fake_4	1
id00374/fake_5	1
id00071/real	0
id00071/fake_0	1
id00071/fake_1	1
id00071/fake_2	1
id00071/fake_3	1
id00071/fake_4	1
id00071/fake_5	1
id01212/real	0
id01212/fake_0	1
id01212/fake_1	1
id01212/fake_2	1
id01212/fake_3	1
id01212/fake_4	1
id01212/fake_5	1
id01589/real	0
id01589/fake_0	1
id01589/fake_1	1
id01589/fake_2	1
id01589/fake_3	1
id01589/fake_4	1
id01589/fake_5	1
id01163/real	0
id01163/fake_0	1
id01163/fake_1	1
id01163/fake_2	1
id01163/fake_3	1
id01163/fake_4	1
id01163/fake_5	1
id00126/real	0
id00126/fake_0	1
id00126/fake_1	1
id00126/fake_2	1
id00126/fake_3	1
id00126/fake_4	1
id00126/fake_5	1
id01091/real	0
id01091/fake_0	1
id01091/fake_1	1
id01091/fake_2	1
id01091/fake_3	1
id01091/fake_4	1
id01091/fake_5	1
id03965/real	0
id03965/fake_0	1
id03965/fake_1	1
id03965/fake_2	1
id03965/fake_3	1
id03965/fake_4	1
id03965/fake_5	1
id04490/real	0
id04490/fake_0	1
id04490/fake_1	1
id04490/fake_2	1
id04490/fake_3	1
id04490/fake_4	1
id04490/fake_5	1
id02301/real	0
id02301/fake_0	1
id02301/fake_1	1
id02301/fake_2	1
id02301/fake_3	1
id02301/fake_4	1
id02301/fake_5	1
id02838/real	0
id02838/fake_0	1
id02838/fake_1	1
id02838/fake_2	1
id02838/fake_3	1
id02838/fake_4	1
id02838/fake_5	1
id02051/real	0
id02051/fake_0	1
id02051/fake_1	1
id02051/fake_2	1
id02051/fake_3	1
id02051/fake_4	1
id02051/fake_5	1
id02089/real	0
id02089/fake_0	1
id02089/fake_1	1
id02089/fake_2	1
id02089/fake_3	1
id02089/fake_4	1
id02089/fake_5	1
id03344/real	0
id03344/fake_0	1
id03344/fake_1	1
id03344/fake_2	1
id03344/fake_3	1
id03344/fake_4	1
id03344/fake_5	1
id00381/real	0
id00381/fake_0	1
id00381/fake_1	1
id00381/fake_2	1
id00381/fake_3	1
id00381/fake_4	1
id00381/fake_5	1
id01170/real	0
id01170/fake_0	1
id01170/fake_1	1
id01170/fake_2	1
id01170/fake_3	1
id01170/fake_4	1
id01170/fake_5	1
id04928/real	0
id04928/fake_0	1
id04928/fake_1	1
id04928/fake_2	1
id04928/fake_3	1
id04928/fake_4	1
id04928/fake_5	1
id06061/real	0
id06061/fake_0	1
id06061/fake_1	1
id06061/fake_2	1
id06061/fake_3	1
id06061/fake_4	1
id06061/fake_5	1
id04726/real	0
id04726/fake_0	1
id04726/fake_1	1
id04726/fake_2	1
id04726/fake_3	1
id04726/fake_4	1
id04726/fake_5	1
id06753/real	0
id06753/fake_0	1
id06753/fake_1	1
id06753/fake_2	1
id06753/fake_3	1
id06753/fake_4	1
id06753/fake_5	1
id01175/real	0
id01175/fake_0	1
id01175/fake_1	1
id01175/fake_2	1
id01175/fake_3	1
id01175/fake_4	1
id01175/fake_5	1
id03103/real	0
id03103/fake_0	1
id03103/fake_1	1
id03103/fake_2	1
id03103/fake_3	1
id03103/fake_4	1
id03103/fake_5	1
id00328/real	0
id00328/fake_0	1
id00328/fake_1	1
id00328/fake_2	1
id00328/fake_3	1
id00328/fake_4	1
id00328/fake_5	1
id00358/real	0
id00358/fake_0	1
id00358/fake_1	1
id00358/fake_2	1
id00358/fake_3	1
id00358/fake_4	1
id00358/fake_5	1
id08397/real	0
id08397/fake_0	1
id08397/fake_1	1
id08397/fake_2	1
id08397/fake_3	1
id08397/fake_4	1
id08397/fake_5	1
id01661/real	0
id01661/fake_0	1
id01661/fake_1	1
id01661/fake_2	1
id01661/fake_3	1
id01661/fake_4	1
id01661/fake_5	1
id00088/real	0
id00088/fake_0	1
id00088/fake_1	1
id00088/fake_2	1
id00088/fake_3	1
id00088/fake_4	1
id00088/fake_5	1
id04774/real	0
id04774/fake_0	1
id04774/fake_1	1
id04774/fake_2	1
id04774/fake_3	1
id04774/fake_4	1
id04774/fake_5	1
id03379/real	0
id03379/fake_0	1
id03379/fake_1	1
id03379/fake_2	1
id03379/fake_3	1
id03379/fake_4	1
id03379/fake_5	1
id01001/real	0
id01001/fake_0	1
id01001/fake_1	1
id01001/fake_2	1
id01001/fake_3	1
id01001/fake_4	1
id01001/fake_5	1
id00365/real	0
id00365/fake_0	1
id00365/fake_1	1
id00365/fake_2	1
id00365/fake_3	1
id00365/fake_4	1
id00365/fake_5	1
id03649/real	0
id03649/fake_0	1
id03649/fake_1	1
id03649/fake_2	1
id03649/fake_3	1
id03649/fake_4	1
id03649/fake_5	1
id00033/real	0
id00033/fake_0	1
id00033/fake_1	1
id00033/fake_2	1
id00033/fake_3	1
id00033/fake_4	1
id00033/fake_5	1
id07161/real	0
id07161/fake_0	1
id07161/fake_1	1
id07161/fake_2	1
id07161/fake_3	1
id07161/fake_4	1
id07161/fake_5	1
id01281/real	0
id01281/fake_0	1
id01281/fake_1	1
id01281/fake_2	1
id01281/fake_3	1
id01281/fake_4	1
id01281/fake_5	1
id00145/real	0
id00145/fake_0	1
id00145/fake_1	1
id00145/fake_2	1
id00145/fake_3	1
id00145/fake_4	1
id00145/fake_5	1
id00265/real	0
id00265/fake_0	1
id00265/fake_1	1
id00265/fake_2	1
id00265/fake_3	1
id00265/fake_4	1
id00265/fake_5	1
id09116/real	0
id09116/fake_0	1
id09116/fake_1	1
id09116/fake_2	1
id09116/fake_3	1
id09116/fake_4	1
id09116/fake_5	1
id02316/real	0
id02316/fake_0	1
id02316/fake_1	1
id02316/fake_2	1
id02316/fake_3	1
id02316/fake_4	1
id02316/fake_5	1
id00076/real	0
id00076/fake_0	1
id00076/fake_1	1
id00076/fake_2	1
id00076/fake_3	1
id00076/fake_4	1
id00076/fake_5	1
